date,open,low,high,close,volume,daily_volatility_percentage,20_days_moving_average_of_close_price,60_days_moving_average_of_close_price,20_days_moving_average_of_volume,60_days_moving_average_of_volume,turnover
2024-01-02,70.9000015258789,67.58999633789062,71.58999633789062,69.0199966430664,136200,5.795421898795226,,,,,9400523.542785645
2024-01-03,68.12999725341797,63.83000183105469,68.12999725341797,63.849998474121094,99800,6.734527055793279,,,,,6372229.847717285
2024-01-04,63.220001220703125,61.91999816894531,64.43000030517578,63.79999923706055,76800,3.9341726743664958,,,,,4899839.94140625
2024-01-05,63.09000015258789,62.45000076293945,66.26000213623047,62.70000076293945,71000,6.0765571402401335,,,,,4451700.054168701
2024-01-08,62.70000076293945,62.0099983215332,64.76000213623047,64.73999786376953,63400,4.2477663043548715,,,,,4104515.8645629883
2024-01-09,63.220001220703125,61.66999816894531,65.02999877929688,61.91999816894531,60100,5.426357735321609,,,,,3721391.8899536133
2024-01-10,62.25,61.02000045776367,63.2400016784668,63.09000015258789,72800,3.5187846177427264,,,,,4592952.011108398
2024-01-11,62.40999984741211,60.84000015258789,62.75,62.15999984741211,83700,3.0727153347823375,,,,,5202791.987228394
2024-01-12,63.099998474121094,60.36000061035156,63.099998474121094,60.619998931884766,73500,4.519956964777103,,,,,4455569.92149353
2024-01-16,60.0,59.5,60.95000076293945,60.59000015258789,108800,2.3931354337148347,,,,,6592192.0166015625
2024-01-17,59.529998779296875,59.529998779296875,62.119998931884766,60.18000030517578,89700,4.303755632193205,,,,,5398146.027374268
2024-01-18,61.15999984741211,60.18000030517578,62.560001373291016,61.0,76800,3.901641095270876,,,,,4684800.0
2024-01-19,61.619998931884766,60.380001068115234,63.38999938964844,62.93000030517578,64500,4.783089634413431,,,,,4058985.019683838
2024-01-22,63.7599983215332,63.7400016784668,65.31999969482422,64.87999725341797,54700,2.435262150499221,,,,,3548935.849761963
2024-01-23,66.06999969482422,62.4900016784668,66.06999969482422,62.54999923706055,43200,5.723418161508612,,,,,2702159.9670410156
2024-01-24,63.5099983215332,61.119998931884766,63.5099983215332,62.61000061035156,70100,3.8172805723520296,,,,,4388961.0427856445
2024-01-25,64.29000091552734,61.470001220703125,64.73999786376953,63.41999816894531,60500,5.156097031657778,,,,,3836909.8892211914
2024-01-26,63.349998474121094,62.099998474121094,63.459999084472656,62.2599983215332,72100,2.1843890893283135,,,,,4488945.878982544
2024-01-29,62.630001068115234,62.0,64.77999877929688,64.69999694824219,87000,4.296752566342128,,,,,5628899.73449707
2024-01-30,64.05999755859375,62.29999923706055,64.48999786376953,62.86000061035156,53900,3.483930330010756,62.99399909973145,,75930.0,,3388154.032897949
2024-01-31,62.439998626708984,60.83000183105469,63.91999816894531,60.88999938964844,138800,5.074718950343655,62.58749923706055,,76060.0,,8451531.915283203
2024-02-01,61.959999084472656,59.77000045776367,64.44000244140625,63.04999923706055,67900,7.406823219908255,62.54749927520752,,74465.0,,4281094.948196411
2024-02-02,61.47999954223633,60.16999816894531,62.560001373291016,62.25,51100,3.839362577262174,62.46999931335449,,73180.0,,3180975.0
2024-02-05,60.810001373291016,57.61000061035156,62.52000045776367,62.290000915527344,145300,7.882484789285288,62.44949932098389,,76895.0,,9050737.133026123
2024-02-06,61.65999984741211,60.560001373291016,63.119998931884766,60.88999938964844,51900,4.204298873796606,62.25699939727783,,76320.0,,3160190.968322754
2024-02-07,61.29999923706055,60.2599983215332,62.4900016784668,61.119998931884766,87500,3.6485657655505244,62.2169994354248,,77690.0,,5347999.906539917
2024-02-08,63.45000076293945,60.41999816894531,63.45000076293945,62.5,125200,4.848004150390625,62.18749942779541,,80310.0,,7825000.0
2024-02-09,62.709999084472656,62.709999084472656,67.04000091552734,65.81999969482422,69800,6.578550366348876,62.37049942016601,,79615.0,,4594235.9786987305
2024-02-12,66.80999755859375,66.80999755859375,71.20999908447266,69.41999816894531,93900,6.338233422551752,62.810499382019046,,80635.0,,6518537.828063965
2024-02-13,66.30000305175781,61.95000076293945,66.30000305175781,62.869998931884766,76600,6.91904304552523,62.924499320983884,,79025.0,,4815841.918182373
2024-02-14,64.01000213623047,63.0,66.38999938964844,65.91000366210938,73800,5.143376120910906,63.210999488830566,,78230.0,,4864158.270263672
2024-02-15,66.33000183105469,64.69999694824219,66.97000122070312,65.52999877929688,72000,3.4640688459437423,63.43749942779541,,77990.0,,4718159.912109375
2024-02-16,64.72000122070312,62.61000061035156,64.72000122070312,62.619998931884766,58700,3.3695315336027503,63.42199935913086,,77700.0,,3675793.9373016357
2024-02-20,61.290000915527344,60.349998474121094,62.18000030517578,62.18000030517578,78600,2.9430714410954426,63.28699951171875,,78895.0,,4887348.023986816
2024-02-21,63.20000076293945,62.22999954223633,65.47000122070312,64.37999725341797,67700,5.03262164754874,63.37849941253662,,80120.0,,4358525.8140563965
2024-02-22,64.66000366210938,62.790000915527344,65.27999877929688,64.01000213623047,107900,3.8900137176532934,63.448499488830564,,82010.0,,6906679.230499268
2024-02-23,63.90999984741211,62.810001373291016,64.88999938964844,64.43000030517578,122500,3.2283066995272574,63.49899959564209,,85110.0,,7892675.037384033
2024-02-26,64.11000061035156,63.43000030517578,66.19000244140625,64.47000122070312,62000,4.2810641910522484,63.60949974060058,,84605.0,,3997140.0756835938
2024-02-27,64.95999908447266,64.95999908447266,68.20999908447266,67.72000122070312,82300,4.7991729790554425,63.76049995422363,,84370.0,,5573356.100463867
2024-02-28,66.38999938964844,66.06999969482422,68.01000213623047,66.87999725341797,107800,2.9007214729021302,63.961499786376955,,87065.0,,7209663.703918457
2024-02-29,68.9000015258789,66.79000091552734,69.2300033569336,67.33999633789062,75800,3.6234074459450456,64.28399963378907,,83915.0,,5104371.722412109
2024-03-01,66.98999786376953,66.2699966430664,69.11000061035156,67.69000244140625,77100,4.195603286827353,64.51599979400635,,84375.0,,5218899.188232422
2024-03-04,64.5999984741211,62.029998779296875,65.58999633789062,64.18000030517578,283200,5.546895515216529,64.61249980926513,,95980.0,,18175776.08642578
2024-03-05,63.52000045776367,62.459999084472656,64.56999969482422,62.54999923706055,160500,3.373302375839836,64.6254997253418,,96740.0,,10039274.877548218
2024-03-06,61.0,59.290000915527344,63.130001068115234,60.75,212000,6.32098790549447,64.61849975585938,,104745.0,,12879000.0
2024-03-07,61.959999084472656,60.689998626708984,63.7400016784668,62.29999923706055,194100,4.895671090062309,64.67749977111816,,110075.0,,12092429.851913452
2024-03-08,65.87999725341797,64.23999786376953,74.0999984741211,66.5,496700,14.827068586994832,64.87749977111817,,128650.0,,33030550.0
2024-03-11,65.69000244140625,61.77000045776367,65.86000061035156,65.7699966430664,192600,6.218641267057243,64.87499961853027,,134790.0,,12667301.35345459
2024-03-12,65.5,63.0099983215332,65.95999908447266,63.16999816894531,147100,4.66993960495267,64.56249961853027,,137450.0,,9292306.730651855
2024-03-13,62.7599983215332,62.0,64.6500015258789,62.779998779296875,120900,4.221092031548118,64.55799961090088,,139665.0,,7590101.852416992
2024-03-14,62.75,59.79999923706055,62.75,60.61000061035156,151600,4.867184842818865,64.29299945831299,,143555.0,,9188476.092529297
2024-03-15,59.84000015258789,59.84000015258789,64.30999755859375,62.4900016784668,1381900,7.153140159934032,64.14099960327148,,209050.0,,86354933.31947327
2024-03-18,63.15999984741211,58.779998779296875,63.15999984741211,60.2400016784668,212400,7.270917905171467,64.02199974060059,,216735.0,,12794976.356506348
2024-03-19,60.08000183105469,59.5099983215332,61.65999984741211,61.650001525878906,92500,3.487431423625184,63.995499801635745,,217430.0,,5702625.141143799
2024-03-20,61.189998626708984,60.900001525878906,64.01000213623047,63.66999816894531,106500,4.884562116837704,63.95999984741211,,219370.0,,6780854.804992676
2024-03-21,64.9000015258789,64.33000183105469,66.80000305175781,65.70999908447266,113800,3.7589427105726267,64.04499969482421,,219665.0,,7477797.895812988
2024-03-22,65.27999877929688,60.5,65.4000015258789,61.150001525878906,140500,8.013084879164243,63.88099975585938,,220565.0,,8591575.214385986
2024-03-25,61.11000061035156,60.65999984741211,63.16999816894531,62.52000045776367,77600,4.014712577023844,63.7834997177124,,221345.0,,4851552.035522461
2024-03-26,63.130001068115234,60.869998931884766,63.130001068115234,62.29999923706055,84000,3.6276118200753618,63.51249961853027,,221430.0,,5233199.935913086
2024-03-27,63.16999816894531,62.599998474121094,64.12999725341797,62.900001525878906,65900,2.4324304327200825,63.31349983215332,63.42299957275391,219335.0,127443.33333333333,4145110.10055542
2024-03-28,62.70000076293945,62.70000076293945,65.08000183105469,63.869998931884766,56400,3.726320820285948,63.13999996185303,63.33716627756755,218365.0,126113.33333333333,3602267.939758301
2024-04-01,63.779998779296875,62.150001525878906,63.779998779296875,62.66999816894531,55300,2.6009211760687054,62.88899974822998,63.31749960581462,217275.0,125371.66666666667,3465650.898742676
2024-04-02,61.68000030517578,60.06999969482422,61.68000030517578,61.47999954223633,73700,2.618738813173711,62.75399971008301,63.27883294423421,206800.0,125320.0,4531075.966262817
2024-04-03,61.4900016784668,59.720001220703125,61.52000045776367,60.560001373291016,72500,2.972257589568693,62.65449981689453,63.243166287740074,202400.0,125345.0,4390600.099563599
2024-04-04,61.25,57.63999938964844,61.41999816894531,58.63999938964844,112000,6.44610985443521,62.54899978637695,63.14149964650472,197400.0,126155.0,6567679.931640625
2024-04-05,58.54999923706055,58.0,60.0099983215332,59.029998779296875,87700,3.4050455075363377,62.38549976348877,63.09333299001058,192080.0,126615.0,5176930.892944336
2024-04-08,60.290000915527344,59.709999084472656,62.66999816894531,61.20000076293945,117000,4.836599750935178,62.120499801635745,63.06183300018311,173095.0,127351.66666666667,7160400.089263916
2024-04-09,60.68000030517578,60.310001373291016,63.52000045776367,63.52000045776367,73800,5.053524970622568,62.00799999237061,63.0844996770223,167155.0,127186.66666666667,4687776.033782959
2024-04-10,59.689998626708984,57.7400016784668,60.0,59.380001068115234,263700,3.80599238949279,61.8185001373291,63.06383304595947,172985.0,130356.66666666667,15658506.281661987
2024-04-11,60.43000030517578,56.619998931884766,60.43000030517578,59.0099983215332,149400,6.456535301918008,61.63000011444092,63.03749968210856,174410.0,131033.33333333333,8816093.74923706
2024-04-12,58.189998626708984,56.59000015258789,59.63999938964844,56.65999984741211,75600,5.382984901649011,61.43250007629395,62.9788330078125,170610.0,130798.33333333333,4283495.9884643555
2024-04-15,56.40999984741211,55.0099983215332,56.95000076293945,55.540000915527344,114200,3.4929823720328432,61.08500003814697,62.88783302307129,107225.0,131421.66666666666,6342668.104553223
2024-04-16,55.720001220703125,55.0,56.95000076293945,56.599998474121094,91200,3.4452311228083183,60.90299987792969,62.78233299255371,101165.0,131866.66666666666,5161919.860839844
2024-04-17,56.90999984741211,55.5099983215332,56.90999984741211,56.2400016784668,43200,2.4893340755623403,60.632499885559085,62.638333066304526,98700.0,131675.0,2429568.0725097656
2024-04-18,56.04999923706055,56.04999923706055,57.72999954223633,56.15999984741211,54900,2.9914535429850018,60.25699996948242,62.53183307647705,96120.0,131870.0,3083183.991622925
2024-04-19,55.869998931884766,55.869998931884766,58.349998474121094,58.2400016784668,76400,4.258240849524673,59.88350009918213,62.45899976094564,94250.0,131975.0,4449536.128234863
2024-04-22,58.29999923706055,56.779998779296875,58.38999938964844,56.849998474121094,45900,2.8320152217496664,59.66849994659424,62.349499766031904,89520.0,131731.66666666666,2609414.929962158
2024-04-23,57.40999984741211,57.38999938964844,59.20000076293945,58.720001220703125,44300,3.082427342751582,59.47849998474121,62.2904998143514,87855.0,131268.33333333334,2601296.0540771484
2024-04-24,58.29999923706055,57.939998626708984,58.90999984741211,58.40999984741211,38500,1.6606766362559775,59.28400001525879,62.18566652933757,85580.0,130460.0,2248784.994125366
2024-04-25,57.130001068115234,55.81999969482422,57.18000030517578,56.720001220703125,73800,2.397744324898136,58.975,62.08333320617676,85975.0,130791.66666666667,4185936.0900878906
2024-04-26,57.400001525878906,56.72999954223633,59.09000015258789,57.869998931884766,62900,4.078107229843524,58.675,62.03299986521403,86300.0,129526.66666666667,3640022.9328155518
2024-04-29,58.0099983215332,57.84000015258789,58.58000183105469,58.45000076293945,30500,1.2660422049746132,58.464000129699706,61.95633322397868,85060.0,128903.33333333333,1782725.0232696533
2024-04-30,57.47999954223633,56.9900016784668,57.709999084472656,57.2400016784668,26600,1.2578570665498712,58.25200023651123,61.872833251953125,82705.0,128495.0,1522584.0446472168
2024-05-01,57.25,57.2400016784668,59.84000015258789,58.25,56200,4.463516693770118,58.13650016784668,61.805499903361,81890.0,127010.0,3273650.0
2024-05-02,58.54999923706055,57.060001373291016,58.599998474121094,58.54999923706055,45300,2.6302256548199954,58.13200016021729,61.76649990081787,78555.0,126900.0,2652314.965438843
2024-05-03,60.349998474121094,57.61000061035156,61.959999084472656,59.0,43400,7.3728787696967695,58.13050022125244,61.73116658528646,76340.0,126165.0,2560600.0
2024-05-06,59.310001373291016,59.310001373291016,61.5,61.4900016784668,39700,3.561552393770548,58.145000267028806,61.71433327992757,72475.0,124740.0,2441153.066635132
2024-05-07,61.5,60.45000076293945,62.720001220703125,60.5,40700,3.752066872336648,57.99400024414062,61.62566661834717,70820.0,124255.0,2462350.0
2024-05-08,59.77000045776367,59.77000045776367,61.4900016784668,61.31999969482422,42500,2.8049596041473945,58.091000175476076,61.49066664377848,59760.0,123398.33333333333,2606099.9870300293
2024-05-09,61.279998779296875,60.040000915527344,61.66999816894531,60.36000061035156,37700,2.7004593057251047,58.158500289916994,61.4488333384196,54175.0,122750.0,2275572.023010254
2024-05-10,60.18000030517578,58.63999938964844,60.529998779296875,59.18000030517578,34100,3.1936454543802046,58.28450031280518,61.336666615804035,52100.0,122088.33333333333,2018038.0104064941
2024-05-13,59.959999084472656,59.959999084472656,66.43000030517578,63.040000915527344,109600,10.263326660437123,58.65950031280518,61.295166651407875,51870.0,122715.0,6909184.100341797
2024-05-14,64.7699966430664,64.12999725341797,67.5,65.33000183105469,92000,5.158430509916344,59.09600048065185,61.34033336639404,51910.0,123270.0,6010360.168457031
2024-05-15,66.0199966430664,63.75,66.0199966430664,65.05999755859375,71100,3.4890819677975276,59.537000274658205,61.388333320617676,53305.0,123145.0,4625765.826416016
2024-05-16,65.36000061035156,64.2300033569336,65.98999786376953,64.45999908447266,36000,2.7303669435823665,59.95200023651123,61.38966668446859,52360.0,122616.66666666667,2320559.9670410156
2024-05-17,64.31999969482422,63.7599983215332,65.22000122070312,64.5,45800,2.2635703863099566,60.26500015258789,61.397833315531415,50830.0,121581.66666666667,2954100.0
2024-05-20,64.1500015258789,63.810001373291016,65.19000244140625,64.62000274658203,43400,2.135563307737908,60.653500366210935,61.401000022888184,50705.0,120263.33333333333,2804508.11920166
2024-05-21,64.20999908447266,61.630001068115234,64.20999908447266,62.04999923706055,44000,4.157934001740436,60.82000026702881,61.36066665649414,50690.0,119963.33333333333,2730199.966430664
2024-05-22,62.06999969482422,61.0,62.27000045776367,61.779998779296875,53600,2.0556822318832135,60.98850021362305,61.26166661580404,51445.0,119485.0,3311407.9345703125
2024-05-23,62.09000015258789,59.849998474121094,62.09000015258789,60.380001068115234,55300,3.7098404088132266,61.17150020599365,61.15333334604899,50520.0,118610.0,3339014.0590667725
2024-05-24,60.560001373291016,60.33000183105469,61.16999816894531,61.040000915527344,33400,1.3761407688264744,61.33000030517578,61.048333422342935,49045.0,117903.33333333333,2038736.0305786133
2024-05-28,61.310001373291016,60.5,61.310001373291016,61.029998779296875,30300,1.3272183999547962,61.459000205993654,60.93733336130778,49035.0,117123.33333333333,1849208.9630126953
2024-05-29,59.9900016784668,59.58000183105469,61.11000061035156,59.7599983215332,52700,2.560238993088414,61.58500003814697,60.8636666615804,50340.0,113281.66666666667,3149351.9115448
2024-05-30,60.13999938964844,60.13999938964844,62.34000015258789,61.720001220703125,38500,3.564485935560049,61.75850009918213,60.84983336130778,49455.0,111248.33333333333,2376220.0469970703
2024-05-31,62.0,59.66999816894531,62.77000045776367,60.27000045776367,51600,5.143524581505181,61.84450016021729,60.84183336893717,49770.0,108575.0,3109932.0236206055
2024-06-03,61.11000061035156,61.11000061035156,62.2599983215332,61.97999954223633,43200,1.8554335586885147,61.9935001373291,60.836500040690105,49760.0,106060.0,2677535.9802246094
2024-06-04,61.599998474121094,59.75,61.599998474121094,60.869998931884766,57700,3.039261551805338,61.9625,60.74266668955485,50660.0,98743.33333333333,3512198.938369751
2024-06-05,61.459999084472656,60.45000076293945,63.09000015258789,62.9900016784668,31900,4.191140370378692,62.08700008392334,60.696333440144855,50220.0,96065.0,2009381.0535430908
2024-06-06,62.97999954223633,62.72999954223633,65.41999816894531,65.38999938964844,50000,4.113776803513511,62.29050006866455,60.73333346048991,50595.0,94446.66666666667,3269499.969482422
2024-06-07,63.97999954223633,60.439998626708984,65.87999725341797,60.59000015258789,53100,8.978376981365024,62.30200004577637,60.69683348337809,51365.0,93316.66666666667,3217329.008102417
2024-06-10,59.66999816894531,58.529998779296875,62.099998474121094,61.779998779296875,52800,5.778568736425036,62.43199996948242,60.71633345286052,52300.0,91670.0,3261983.935546875
2024-06-11,60.77000045776367,59.060001373291016,62.59000015258789,62.560001373291016,90100,5.64258104508922,62.407999992370605,60.71750011444092,51325.0,70140.0,5636656.1237335205
2024-06-12,63.599998474121094,62.65999984741211,66.18000030517578,64.38999938964844,85400,5.466688136557988,62.36099987030029,60.78666674296061,50995.0,68023.33333333333,5498905.947875977
2024-06-13,64.30999755859375,60.70000076293945,64.30999755859375,61.220001220703125,62500,5.8967604110949985,62.16900005340576,60.779500071207686,50565.0,67523.33333333333,3826250.0762939453
2024-06-14,60.130001068115234,57.88999938964844,60.56999969482422,59.22999954223633,138900,4.524734637663975,61.90750007629394,60.70550009409587,55710.0,68063.33333333333,8227046.936416626
2024-06-17,59.0,58.04999923706055,62.209999084472656,61.779998779296875,129700,6.733570620927511,61.77150001525879,60.640000089009604,59905.0,68328.33333333333,8012865.841674805
2024-06-18,58.0,55.599998474121094,58.5,57.810001373291016,292100,5.016435663360397,61.43099994659424,60.584333419799805,72340.0,70855.0,16886301.401138306
2024-06-20,57.84000015258789,57.79999923706055,60.31999969482422,60.029998779296875,81400,4.197901897397287,61.329999923706055,60.54283339182536,74210.0,70918.33333333333,4886441.900634766
2024-06-21,59.97999954223633,58.869998931884766,60.59000015258789,58.959999084472656,162300,2.917234137400273,61.18899993896484,60.48716672261556,79645.0,72223.33333333333,9569207.851409912
2024-06-24,60.84000015258789,60.529998779296875,61.56999969482422,60.70000076293945,59000,1.7133458030569235,61.204999923706055,60.450500043233234,79830.0,72108.33333333333,3581300.0450134277
2024-06-25,60.040000915527344,59.349998474121094,60.4900016784668,60.099998474121094,55200,1.8968439821784449,61.15799980163574,60.38766670227051,80920.0,72088.33333333333,3317519.9157714844
2024-06-26,59.630001068115234,59.54999923706055,60.7599983215332,60.150001525878906,50700,2.011635999630136,61.113999938964845,60.3456667582194,81940.0,72011.66666666667,3049605.0773620605
2024-06-27,60.16999816894531,59.0099983215332,60.529998779296875,60.25,50700,2.5228223365372147,61.13850002288818,60.3251667658488,81840.0,71628.33333333333,3054675.0
2024-06-28,60.25,60.0,61.16999816894531,60.209999084472656,127400,1.9431957926188361,61.06299991607666,60.31933339436849,86285.0,72543.33333333333,7670753.883361816
2024-07-01,60.65999984741211,59.27000045776367,61.279998779296875,59.470001220703125,50600,3.379852497520158,61.022999954223636,60.3331667582194,86235.0,71520.0,3009182.061767578
2024-07-02,58.90999984741211,58.869998931884766,60.599998474121094,60.5099983215332,45500,2.8590308878271564,60.949499893188474,60.35783341725667,86350.0,70816.66666666667,2753204.9236297607
2024-07-03,60.95000076293945,59.599998474121094,61.5,59.630001068115234,30400,3.1863181147834263,60.8875,60.33166675567627,84985.0,69373.33333333333,1812752.0324707031
2024-07-05,59.290000915527344,58.58000183105469,59.54999923706055,58.939998626708984,66300,1.645737069234168,60.68499984741211,60.25533339182536,86705.0,69248.33333333333,3907721.9089508057
2024-07-08,59.63999938964844,59.45000076293945,61.43000030517578,61.290000915527344,60500,3.2305425235108958,60.47999992370605,60.28716672261556,87230.0,65861.66666666667,3708045.0553894043
2024-07-09,61.0,59.119998931884766,61.0,59.81999969482422,37400,3.142763419769621,60.441499900817874,60.30066674550374,86445.0,63995.0,2237267.988586426
2024-07-10,59.939998626708984,59.16999816894531,60.720001220703125,60.4900016784668,54400,2.562411983383333,60.37700004577637,60.36450010935466,86525.0,63641.666666666664,3290656.0913085938
2024-07-11,62.04999923706055,61.81999969482422,66.13999938964844,65.26000213623047,166300,6.61967446125148,60.51200008392334,60.526500129699706,90335.0,64510.0,10852738.355255127
2024-07-12,66.30999755859375,66.1500015258789,68.7699966430664,67.19000244140625,126600,3.8993823812884876,60.65200023651123,60.703000195821126,92395.0,65100.0,8506254.309082031
2024-07-15,68.0,67.79000091552734,70.0,68.27999877929688,69500,3.2366712419197468,61.00500011444092,60.9036668141683,92745.0,65538.33333333333,4745459.915161133
2024-07-16,69.83000183105469,68.5199966430664,71.20999908447266,70.1500015258789,160500,3.8346434538763146,61.55100021362305,61.13683350880941,93825.0,67298.33333333333,11259075.244903564
2024-07-17,69.05000305175781,68.41999816894531,70.11000061035156,68.43000030517578,64000,2.4696805989615416,61.883500289916995,61.30666681925456,90540.0,67091.66666666667,4379520.01953125
2024-07-18,67.69999694824219,64.70999908447266,69.20999908447266,66.08999633789062,92800,6.80889733598013,62.29750003814697,61.460666783650716,80575.0,67873.33333333333,6133151.66015625
2024-07-19,65.94999694824219,63.59000015258789,66.30999755859375,63.650001525878906,91100,4.273365814296107,62.47850017547607,61.542833455403645,81060.0,68653.33333333333,5798515.139007568
2024-07-22,63.56999969482422,63.119998931884766,66.33000183105469,66.01000213623047,44400,4.862903795314481,62.831000328063965,61.66950016021728,75165.0,68751.66666666667,2930844.094848633
2024-07-23,65.62999725341797,64.9800033569336,67.23999786376953,67.05999755859375,80500,3.3701082450253073,63.14900016784668,61.841833432515465,76240.0,68863.33333333333,5398329.803466797
2024-07-24,66.77999877929688,65.52999877929688,68.76000213623047,65.58000183105469,58400,4.925287079519509,63.42300033569336,61.97033348083496,76400.0,68788.33333333333,3829872.1069335938
2024-07-25,65.44999694824219,65.44999694824219,68.66999816894531,67.0,84900,4.805971971198694,63.76550025939942,62.112833468119305,78110.0,69695.0,5688300.0
2024-07-26,68.5199966430664,67.66000366210938,69.4000015258789,68.56999969482422,47700,2.5375497615772473,64.18150024414062,62.301666768391925,77960.0,70046.66666666667,3270788.9854431152
2024-07-29,68.62999725341797,68.0,69.69000244140625,68.05000305175781,41900,2.4834715144992123,64.57350044250488,62.46500015258789,73685.0,69808.33333333333,2851295.1278686523
2024-07-30,68.62000274658203,67.0,69.75,67.93000030517578,73800,4.048284981077012,64.99650039672852,62.62133350372314,74845.0,70283.33333333333,5013234.022521973
2024-07-31,68.0,67.08000183105469,72.26000213623047,69.25,228000,7.480144845019179,65.43350048065186,62.79216683705648,83970.0,73360.0,15789000.0
2024-08-01,69.79000091552734,64.72000122070312,70.3499984741211,65.55000305175781,95500,8.588858873084359,65.72950057983398,62.859833526611325,87225.0,74290.0,6260025.291442871
2024-08-02,61.369998931884766,61.369998931884766,63.310001373291016,62.5,101800,3.10400390625,65.90750064849854,62.893166859944664,89000.0,75308.33333333333,6362500.0
2024-08-05,59.349998474121094,59.0,63.150001525878906,61.279998779296875,99000,6.772195836402273,65.90700054168701,62.892500178019205,90925.0,76250.0,6066719.879150391
2024-08-06,61.97999954223633,59.7599983215332,62.34000015258789,59.7599983215332,39300,4.317272261577425,65.90400047302246,62.882500139872235,91020.0,76276.66666666667,2348567.934036255
2024-08-07,61.150001525878906,58.209999084472656,61.790000915527344,58.470001220703125,43400,6.122801019862261,65.80300045013428,62.87066682179769,90470.0,76431.66666666667,2537598.0529785156
2024-08-08,59.849998474121094,58.400001525878906,60.869998931884766,59.290000915527344,39500,4.1659594667993955,65.50450038909912,62.80816682179769,84130.0,75263.33333333333,2341955.03616333
2024-08-09,59.560001373291016,57.56999969482422,59.560001373291016,58.869998931884766,44600,3.3803324521363054,65.08850021362305,62.700500106811525,80030.0,74473.33333333333,2625601.9523620605
2024-08-12,59.54999923706055,57.2599983215332,59.54999923706055,57.43000030517578,41800,3.9874645714061776,64.54600028991699,62.573333485921225,78645.0,73985.0,2400574.0127563477
2024-08-13,57.779998779296875,57.779998779296875,59.81999969482422,59.45000076293945,46900,3.4314565001638493,64.01100025177001,62.48983351389567,72965.0,74166.66666666667,2788205.0357818604
2024-08-14,59.97999954223633,57.38999938964844,60.0,57.400001525878906,78500,4.547039269981271,63.459500312805176,62.371500205993655,73690.0,74711.66666666667,4505900.119781494
2024-08-15,58.75,58.75,61.7400016784668,60.7400016784668,89000,4.9226236349064765,63.19200057983399,62.306833521525064,73500.0,75471.66666666667,5405860.149383545
2024-08-16,60.65999984741211,60.65999984741211,62.97999954223633,61.0,54500,3.803278188236424,63.059500503540036,62.289333534240725,71670.0,75646.66666666667,3324500.0
2024-08-19,60.7599983215332,60.13999938964844,61.290000915527344,60.83000183105469,32900,1.890517000267148,62.80050048828125,62.27350025177002,71095.0,75301.66666666667,2001307.0602416992
2024-08-20,60.470001220703125,59.209999084472656,60.470001220703125,59.459999084472656,22800,2.119075270149987,62.42050056457519,62.25816688537598,68210.0,74760.0,1355687.9791259766
2024-08-21,59.459999084472656,59.459999084472656,60.689998626708984,60.04999923706055,42800,2.048292352811921,62.14400043487549,62.24166685740153,67430.0,74916.66666666667,2570139.9673461914
2024-08-22,59.91999816894531,58.0,60.150001525878906,59.189998626708984,60000,3.632372995036253,61.753500366210936,62.21100018819173,66185.0,75411.66666666667,3551399.917602539
2024-08-23,60.0,59.880001068115234,62.599998474121094,62.5099983215332,108400,4.351299758504209,61.450500297546384,62.25683352152507,69220.0,76340.0,6776083.818054199
2024-08-26,62.61000061035156,61.77000045776367,63.33000183105469,62.130001068115234,93600,2.510866483940235,61.15450019836426,62.26366685231527,71805.0,77258.33333333333,5815368.099975586
2024-08-27,61.88999938964844,61.310001373291016,63.029998779296875,62.91999816894531,62000,2.733625963223213,60.90400009155273,62.30783348083496,71215.0,77431.66666666667,3901039.8864746094
2024-08-28,62.2400016784668,60.95000076293945,62.88999938964844,61.2599983215332,35600,3.166827750347921,60.504500007629396,62.29583346048991,61595.0,77305.0,2180855.940246582
2024-08-29,62.209999084472656,60.41999816894531,62.209999084472656,60.689998626708984,37200,2.9494166354117937,60.26149978637695,62.292833455403645,58680.0,76963.33333333333,2257667.948913574
2024-08-30,60.81999969482422,59.209999084472656,60.81999969482422,60.529998779296875,45200,2.65983915879779,60.1629997253418,62.25183340708415,55850.0,77185.0,2735955.9448242188
2024-09-03,60.150001525878906,59.0,60.150001525878906,59.68000030517578,88100,1.9269462466460003,60.082999801635744,62.15666675567627,55305.0,77820.0,5257808.026885986
2024-09-04,53.439998626708984,49.66999816894531,56.75,50.34000015258789,566100,14.0643659308585,59.611999893188475,61.985833422342935,81645.0,86370.0,28497474.086380005
2024-09-05,50.16999816894531,48.54999923706055,52.869998931884766,52.77000045776367,146600,8.186468935663328,59.32699985504151,61.835666783650716,86805.0,87933.33333333333,7736082.067108154
2024-09-06,52.93000030517578,51.34000015258789,53.689998626708984,52.279998779296875,98900,4.495023965172134,58.97649974822998,61.66433340708415,89775.0,88080.0,5170491.879272461
2024-09-09,52.56999969482422,50.459999084472656,52.65999984741211,50.459999084472656,79600,4.359890612079754,58.555999755859375,61.432166735331215,91525.0,87983.33333333333,4016615.9271240234
2024-09-10,51.400001525878906,48.20000076293945,51.400001525878906,50.220001220703125,101100,6.371964725521069,58.19549980163574,61.248833401997885,94490.0,88626.66666666667,5077242.123413086
2024-09-11,49.529998779296875,45.400001525878906,49.81999969482422,46.959999084472656,149400,9.412262042413001,57.570999717712404,61.044333394368486,99615.0,88801.66666666667,7015823.863220215
2024-09-12,47.150001525878906,45.720001220703125,47.81999969482422,47.529998779296875,71500,4.418259053345087,57.077499580383304,60.80683339436849,99265.0,87831.66666666667,3398394.9127197266
2024-09-13,48.31999969482422,48.31999969482422,50.810001373291016,49.88999938964844,82600,4.990983581738511,56.534999465942384,60.67483336130778,98945.0,84340.0,4120913.949584961
2024-09-16,50.16999816894531,48.599998474121094,50.58000183105469,49.09000015258789,58200,4.033414851862071,55.93949947357178,60.49250005086263,99130.0,83953.33333333333,2857038.0088806152
2024-09-17,49.91999816894531,48.939998626708984,51.16999816894531,49.27000045776367,76700,4.526079808235394,55.36149940490723,60.331000073750815,101320.0,82526.66666666667,3779009.0351104736
2024-09-18,49.060001373291016,49.0,52.970001220703125,49.959999084472656,87400,7.94635967464816,54.88649940490723,60.15200004577637,104550.0,83000.0,4366503.91998291
2024-09-19,44.90999984741211,40.599998474121094,45.400001525878906,43.119998931884766,1034100,11.13173277054162,54.039999389648436,59.86900005340576,154115.0,99315.0,44590390.895462036
2024-09-20,43.209999084472656,41.72999954223633,43.93000030517578,42.4900016784668,432500,5.17769045901068,53.20499954223633,59.57466672261556,172740.0,105678.33333333333,18376925.72593689
2024-09-23,44.02000045776367,42.93000030517578,44.34000015258789,43.06999969482422,350300,3.273740091485422,52.232999610900876,59.288333384195965,184835.0,110671.66666666667,15087420.893096924
2024-09-24,44.470001220703125,42.279998779296875,44.5,42.41999816894531,213700,5.233383584463085,51.24749946594238,58.99183336893717,190840.0,112110.0,9065153.608703613
2024-09-25,42.68000030517578,42.310001373291016,44.68000030517578,43.599998474121094,188300,5.435777556945295,50.28149948120117,58.727333323160806,197155.0,114405.0,8209879.712677002
2024-09-26,43.7599983215332,42.70000076293945,43.900001525878906,43.75,145600,2.74285888671875,49.40599956512451,58.448000017801924,202655.0,116073.33333333333,6370000.0
2024-09-27,44.0,43.310001373291016,44.33000183105469,43.40999984741211,87000,2.349690074519729,48.541999626159665,58.177666664123535,205145.0,117016.66666666667,3776669.9867248535
2024-09-30,43.150001525878906,41.52000045776367,43.16999816894531,41.91999816894531,166800,3.9360634142488413,47.61149959564209,57.89399998982747,211225.0,118691.66666666667,6992255.694580078
2024-10-01,41.400001525878906,40.310001373291016,41.880001068115234,41.11000061035156,122200,3.819021336693657,46.68299961090088,57.55766665140788,212930.0,119720.0,5023642.074584961
2024-10-02,40.70000076293945,40.25,41.529998779296875,40.97999954223633,98300,3.1234719219009146,46.2149995803833,57.243666648864746,189540.0,120735.0,4028333.955001831
2024-10-03,40.650001525878906,39.599998474121094,40.650001525878906,40.470001220703125,101400,2.594521917683228,45.599999618530276,56.909999974568684,187280.0,121518.33333333333,4103658.123779297
2024-10-04,41.029998779296875,40.86000061035156,42.630001068115234,42.380001068115234,89200,4.176499323156787,45.104999732971194,56.52866662343343,186795.0,120233.33333333333,3780296.095275879
2024-10-07,42.08000183105469,41.77000045776367,42.72999954223633,41.81999969482422,81700,2.2955501948305104,44.67299976348877,56.10583324432373,186900.0,119485.0,3416693.9750671387
2024-10-08,41.5,40.779998779296875,41.68000030517578,41.150001525878906,79900,2.1871239186052094,44.21949977874756,55.65366662343343,185840.0,119658.33333333333,3287885.1219177246
2024-10-09,41.290000915527344,41.16999816894531,42.20000076293945,41.189998626708984,80200,2.500613324435151,43.930999755859375,55.170999908447264,182380.0,118320.0,3303437.8898620605
2024-10-10,40.779998779296875,40.0,41.43000030517578,41.02000045776367,75100,3.4861050444116497,43.605499839782716,54.71416657765706,182560.0,118505.0,3080602.0343780518
2024-10-11,40.779998779296875,40.779998779296875,43.0,42.790000915527344,149300,5.188130809077749,43.25049991607666,54.325833320617676,185895.0,119446.66666666667,6388547.136688232
2024-10-14,42.47999954223633,41.650001525878906,42.47999954223633,41.90999984741211,61000,1.980429538008393,42.89149990081787,53.96349995930989,186035.0,118945.0,2556509.9906921387
2024-10-15,41.849998474121094,41.41999816894531,43.13999938964844,43.0,183600,4.000002838844477,42.577999877929685,53.579999923706055,191380.0,121265.0,7894800.0
2024-10-16,43.189998626708984,43.189998626708984,45.41999816894531,45.099998474121094,205800,4.944566779788092,42.33499984741211,53.21399993896485,197300.0,123353.33333333333,9281579.685974121
2024-10-17,45.380001068115234,44.619998931884766,45.400001525878906,44.810001373291016,58000,1.7406886188114712,42.41949996948242,52.86783326466878,148495.0,123346.66666666667,2598980.079650879
2024-10-18,44.880001068115234,42.58000183105469,45.0,42.7599983215332,149300,5.659490794990614,42.432999801635745,52.463833236694335,134335.0,124420.0,6384067.749404907
2024-10-21,42.779998779296875,40.709999084472656,42.779998779296875,40.880001068115234,94900,5.063599903960706,42.323499870300296,52.00233325958252,121565.0,125206.66666666667,3879512.1013641357
2024-10-22,40.459999084472656,39.630001068115234,40.560001373291016,40.16999816894531,89100,2.315161432829607,42.21099987030029,51.53766651153565,115335.0,125993.33333333333,3579146.8368530273
2024-10-23,39.83000183105469,39.22999954223633,40.65999984741211,39.720001220703125,88900,3.600202067542805,42.01700000762939,51.06749986012777,110365.0,126245.0,3531108.108520508
2024-10-24,39.81999969482422,39.22999954223633,40.220001220703125,39.58000183105469,59800,2.5012673892552377,41.808500099182126,50.57299989064534,106075.0,123441.66666666667,2366884.1094970703
2024-10-25,39.65999984741211,39.130001068115234,40.060001373291016,39.59000015258789,69700,2.349078811799372,41.617500114440915,50.14033317565918,105210.0,123011.66666666667,2759423.010635376
2024-10-28,40.0,39.81999969482422,40.70000076293945,40.2599983215332,74700,2.185795093897365,41.53450012207031,49.769666481018064,100605.0,122560.0,3007421.8746185303
2024-10-29,40.11000061035156,39.54999923706055,40.36000061035156,39.93000030517578,59700,2.028553386176714,41.47550010681152,49.413833173116046,97480.0,121905.0,2383821.018218994
2024-10-30,39.65999984741211,39.560001373291016,41.15999984741211,39.63999938964844,51300,4.036323155289746,41.40850009918213,49.07849985758464,95130.0,122105.0,2033531.9686889648
2024-10-31,39.7400016784668,38.72999954223633,39.7599983215332,39.040000915527344,75300,2.63831648345893,41.33700008392334,48.75466651916504,93825.0,122636.66666666667,2939712.068939209
2024-11-01,39.27000045776367,37.97999954223633,40.09000015258789,38.209999084472656,91400,5.52211635935108,41.12849998474121,48.40333315531413,93935.0,123501.66666666667,3492393.916320801
2024-11-04,38.279998779296875,38.279998779296875,39.77000045776367,38.900001525878906,67400,3.830338354808411,40.982500076293945,48.07049986521403,93220.0,123881.66666666667,2621860.1028442383
2024-11-05,39.02000045776367,38.79999923706055,39.88999938964844,39.83000183105469,41400,2.736630937681852,40.916500091552734,47.777166557312015,91295.0,123875.0,1648962.075805664
2024-11-06,42.5,42.45000076293945,43.7400016784668,42.939998626708984,114100,3.0041941238557794,41.00400009155273,47.501999855041504,92990.0,124995.0,4899453.843307495
2024-11-07,43.15999984741211,42.400001525878906,44.06999969482422,42.79999923706055,73700,3.901864950266775,41.09300003051758,47.2586664835612,92920.0,124915.0,3154359.9437713623
2024-11-08,42.9900016784668,41.630001068115234,43.099998474121094,42.25,34800,3.4792838011973006,41.06599998474121,46.950499788920084,87195.0,124011.66666666667,1470300.0
2024-11-11,42.65999984741211,42.619998931884766,43.88999938964844,43.5099983215332,43500,2.918870390153855,41.145999908447266,46.65899976094564,86320.0,123828.33333333333,1892684.9269866943
2024-11-12,42.939998626708984,41.529998779296875,43.619998931884766,42.0,53600,4.976190839494977,41.09599990844727,46.34516639709473,79820.0,124173.33333333333,2251200.0
2024-11-13,41.7599983215332,41.7599983215332,43.650001525878906,42.18000030517578,75600,4.480804150477416,40.95,46.05716641743978,73310.0,125053.33333333333,3188808.023071289
2024-11-14,42.08000183105469,41.880001068115234,43.06999969482422,42.189998626708984,95800,2.8205704324333367,40.8189998626709,45.75949974060059,75200.0,125936.66666666667,4041801.8684387207
2024-11-15,42.33000183105469,41.41999816894531,42.68000030517578,41.77000045776367,123600,3.0165241140098566,40.769499969482425,45.46916643778483,73915.0,126996.66666666667,5162772.05657959
2024-11-18,41.970001220703125,41.72999954223633,42.65999984741211,42.029998779296875,97900,2.2127060009192303,40.82699985504151,45.12783311208089,74065.0,126821.66666666667,4114736.880493164
2024-11-19,41.47999954223633,41.040000915527344,41.90999984741211,41.7400016784668,121700,2.084328933636791,40.90550003051758,44.78799978892008,75695.0,127290.0,5079758.204269409
2024-11-20,41.529998779296875,40.79999923706055,42.16999816894531,41.75,141900,3.28143456738866,41.00699996948242,44.43516648610433,78345.0,128621.66666666667,5924325.0
2024-11-21,42.290000915527344,41.970001220703125,43.34000015258789,43.06999969482422,133000,3.1808658964290646,41.1814998626709,44.13199984232585,82005.0,130245.0,5728309.959411621
2024-11-22,43.279998779296875,43.25,44.959999084472656,44.869998931884766,111300,3.8110076335605294,41.44549980163574,43.868333180745445,84085.0,131480.0,4994030.881118774
2024-11-25,45.18000030517578,45.18000030517578,48.400001525878906,47.400001525878906,367300,6.793251301785521,41.80249996185303,43.64949989318848,98715.0,136848.33333333334,17410020.560455322
2024-11-26,46.72999954223633,45.5,47.25,46.54999923706055,81800,3.7593985578559286,42.13349990844726,43.430666542053224,99820.0,136743.33333333334,3807789.9375915527
2024-11-27,46.70000076293945,46.70000076293945,48.66999816894531,47.209999084472656,120800,4.172839322620938,42.511999893188474,43.378499857584636,103295.0,129321.66666666667,5702967.889404297
2024-11-29,47.86000061035156,46.060001373291016,48.43000030517578,46.15999984741211,45300,5.134313127641043,42.86799983978271,43.268333180745444,101795.0,127633.33333333333,2091047.9930877686
2024-12-02,46.52000045776367,45.13999938964844,47.58000183105469,45.86000061035156,72000,5.320546029071553,43.25049991607666,43.16133321126302,100825.0,127185.0,3301920.0439453125
2024-12-03,46.380001068115234,45.11000061035156,46.380001068115234,45.83000183105469,117800,2.7711115143423624,43.596999931335446,43.084166590372725,103345.0,127821.66666666667,5398774.215698242
2024-12-04,45.5,45.349998474121094,46.06999969482422,45.70000076293945,80700,1.575494986177357,43.890499877929685,43.008833249409996,105310.0,127481.66666666667,3687990.061569214
2024-12-05,55.41999816894531,52.31999969482422,59.0099983215332,53.0,468900,12.622638918318838,44.39349994659424,43.10949993133545,123050.0,132806.66666666666,24851700.0
2024-12-06,53.400001525878906,50.59000015258789,53.7599983215332,53.63999938964844,162400,5.909765482877813,44.93549995422363,43.21133327484131,127485.0,134321.66666666666,8711135.900878906
2024-12-09,54.34000015258789,54.34000015258789,58.380001068115234,57.459999084472656,201000,7.030979777058626,45.69599990844726,43.337499936421715,135795.0,136295.0,11549459.815979004
2024-12-10,57.119998931884766,54.93000030517578,57.119998931884766,55.75,107700,3.9282486577739633,46.307999992370604,43.44849993387858,139005.0,137120.0,6004275.0
2024-12-11,56.09000015258789,54.75,56.2400016784668,55.4900016784668,85200,2.685171442416806,46.982500076293945,43.5521666208903,140585.0,137261.66666666666,4727748.143005371
2024-12-12,55.369998931884766,54.70000076293945,55.66999816894531,55.29999923706055,118600,1.7540640495267739,47.63850002288818,43.64116662343343,142735.0,137781.66666666666,6558579.909515381
2024-12-13,55.290000915527344,54.209999084472656,55.349998474121094,55.29999923706055,123600,2.061481745707586,48.29400005340576,43.844166628519694,144125.0,122606.66666666667,6835079.905700684
2024-12-16,55.599998474121094,55.13999938964844,56.099998474121094,56.02000045776367,101900,1.7136720396788436,49.00650005340576,44.06966660817464,143040.0,117096.66666666667,5708438.046646118
2024-12-17,55.529998779296875,54.540000915527344,55.91999816894531,55.36000061035156,119200,2.4927695776793906,49.67300014495849,44.27449995676677,144105.0,113245.0,6598912.072753906
2024-12-18,55.849998474121094,52.70000076293945,56.0,52.70000076293945,209400,6.261858044186644,50.22100009918213,44.44583333333333,148490.0,113173.33333333333,11035380.159759521
2024-12-19,53.470001220703125,52.09000015258789,54.0,53.59000015258789,117100,3.564097484556313,50.81300010681152,44.61233336130778,147250.0,111986.66666666667,6275389.017868042
2024-12-20,52.9900016784668,52.2400016784668,56.040000915527344,53.13999938964844,447600,7.1509207390032055,51.31650009155273,44.76883335113526,162980.0,117020.0,23785463.72680664
2024-12-23,53.22999954223633,52.25,53.810001373291016,53.290000915527344,89400,2.9273810217489995,51.73750019073486,44.93350003560384,161885.0,117060.0,4764126.0818481445
2024-12-24,53.16999816894531,52.97999954223633,53.54999923706055,53.130001068115234,30000,1.0728396073123574,52.02400016784668,45.120333417256674,145020.0,114780.0,1593900.032043457
2024-12-26,53.220001220703125,52.459999084472656,53.93000030517578,53.68000030517578,49000,2.738452332984411,52.38050022125244,45.32983341217041,143380.0,113560.0,2630320.0149536133
2024-12-27,53.29999923706055,51.849998474121094,53.529998779296875,52.310001373291016,79800,3.211623515715626,52.63550033569336,45.51866677602132,141330.0,113251.66666666667,4174338.109588623
2024-12-30,52.119998931884766,50.52000045776367,52.150001525878906,51.150001525878906,59000,3.1867077604886274,52.8850004196167,45.69666678110759,142015.0,112545.0,3017850.0900268555
2024-12-31,51.15999984741211,50.83000183105469,52.20000076293945,51.25,73900,2.6731686475800305,53.15450038909912,45.844500096638996,142110.0,112290.0,3787375.0
2025-01-02,51.470001220703125,49.2400016784668,51.900001525878906,49.810001373291016,78800,5.3402926602576795,53.35350036621094,45.97766679128011,140160.0,112241.66666666667,3925028.108215332
2025-01-03,49.84000015258789,48.27000045776367,49.84000015258789,49.220001220703125,74200,3.1897595609238607,53.52950038909912,46.112166786193846,139835.0,112146.66666666667,3652124.090576172
2025-01-06,49.27000045776367,48.310001373291016,50.31999969482422,48.439998626708984,86200,4.149459906105209,53.30150032043457,46.23300011952718,120700.0,112246.66666666667,4175527.8816223145
2025-01-07,48.77000045776367,47.560001373291016,50.15999984741211,48.09000015258789,123400,5.406526233876876,53.024000358581546,46.35083344777425,118750.0,113051.66666666667,5934306.018829346
2025-01-08,47.470001220703125,46.52000045776367,47.619998931884766,46.81999969482422,87400,2.34942007964749,52.49200038909912,46.418000094095866,113070.0,112020.0,4092067.9733276367
2025-01-10,46.0,44.41999816894531,46.06999969482422,44.63999938964844,84000,3.696240027865065,51.93650035858154,46.463500086466475,111885.0,112403.33333333333,3749759.9487304688
2025-01-13,43.959999084472656,43.130001068115234,44.58000183105469,44.130001068115234,88900,3.285748306920179,51.368500328063966,46.482333437601724,112070.0,110825.0,3923157.0949554443
2025-01-14,44.29999923706055,43.77000045776367,44.75,44.470001220703125,69400,2.203731763740287,50.82700042724609,46.47183348337809,109610.0,108551.66666666667,3086218.084716797
2025-01-15,45.93000030517578,45.83000183105469,46.45000076293945,45.970001220703125,55900,1.3487033182969372,50.360500526428225,46.491166814168295,106225.0,108516.66666666667,2569723.0682373047
2025-01-16,45.9900016784668,45.119998931884766,45.9900016784668,45.5,59900,1.9120939485319368,49.83450050354004,46.53683350880941,104125.0,107026.66666666667,2725450.0
2025-01-17,45.79999923706055,45.060001373291016,46.880001068115234,46.22999954223633,118400,3.936836930230647,49.37800045013428,46.62600015004476,104085.0,107418.33333333333,5473631.945800781
2025-01-21,46.470001220703125,46.31999969482422,49.209999084472656,48.0099983215332,189000,6.019578193470233,49.143500328063965,46.756666819254555,103065.0,109083.33333333333,9073889.682769775
2025-01-22,47.93000030517578,47.27000045776367,48.18000030517578,47.70000076293945,84100,1.9077564630127517,48.84900035858154,46.88966681162516,101415.0,109003.33333333333,4011570.064163208
2025-01-23,47.68000030517578,47.68000030517578,48.939998626708984,48.599998474121094,171900,2.592589220355916,48.62200031280518,47.0400000890096,87630.0,110871.66666666667,8354339.737701416
2025-01-24,48.540000915527344,48.40999984741211,50.290000915527344,49.779998779296875,62200,3.776619353588881,48.44650020599365,47.20983339945475,86270.0,110746.66666666667,3096315.9240722656
2025-01-27,49.77000045776367,49.20000076293945,50.97999954223633,49.779998779296875,78000,3.5757308616832733,48.27900009155273,47.368500073750816,88670.0,110801.66666666667,3882839.9047851562
2025-01-28,49.689998626708984,48.20000076293945,51.2400016784668,50.619998931884766,50900,6.005533345858081,48.126000022888185,47.5466667175293,88765.0,110655.0,2576557.9456329346
2025-01-29,50.380001068115234,48.869998931884766,50.45000076293945,49.470001220703125,64400,3.193858484065408,47.984000015258786,47.71050008138021,87995.0,110873.33333333333,3185868.0786132812
2025-01-30,50.0,49.38999938964844,50.52000045776367,50.11000061035156,76000,2.255041018462495,47.93199996948242,47.89500007629395,88845.0,110885.0,3808360.0463867188
2025-01-31,50.06999969482422,48.58000183105469,50.2599983215332,48.689998626708984,71300,3.4503933823422837,47.80399990081787,48.06966673533122,88715.0,110550.0,3471596.9020843506
2025-02-03,47.97999954223633,46.689998626708984,48.529998779296875,47.47999954223633,68800,3.875316281229319,47.687499809265134,48.21266670227051,88215.0,110573.33333333333,3266623.9685058594
2025-02-04,47.08000183105469,47.08000183105469,47.959999084472656,47.599998474121094,71900,1.8487337849315284,47.606499671936035,48.342166646321616,88100.0,111081.66666666667,3422439.8902893066
2025-02-05,47.970001220703125,47.61000061035156,49.5099983215332,49.470001220703125,70000,3.840706820897539,47.65799980163574,48.45100002288818,87290.0,110346.66666666667,3462900.0854492188
2025-02-06,49.7599983215332,49.0099983215332,50.279998779296875,49.599998474121094,49600,2.5604848726483276,47.733499717712405,48.56433334350586,83600.0,109945.0,2460159.9243164062
2025-02-07,49.310001373291016,47.470001220703125,49.70000076293945,49.2400016784668,47200,4.528837258775992,47.85449981689453,48.680833371480304,81590.0,110151.66666666667,2324128.079223633
2025-02-10,49.5099983215332,48.79999923706055,50.2400016784668,50.099998474121094,55300,2.8742564576126206,48.12749977111817,48.79066670735677,80155.0,110348.33333333333,2770529.9156188965
2025-02-11,49.709999084472656,48.959999084472656,50.7400016784668,50.65999984741211,55900,3.513625344167997,48.45399971008301,48.935000038146974,78505.0,110386.66666666667,2831893.991470337
2025-02-12,50.4900016784668,49.029998779296875,51.0,50.0,68600,3.94000244140625,48.73049964904785,49.06533336639404,78465.0,110270.0,3430000.0
2025-02-13,50.060001373291016,49.220001220703125,51.22999954223633,51.150001525878906,37200,3.9296153696422897,48.98949966430664,49.214666748046874,77530.0,109293.33333333333,1902780.0567626953
2025-02-14,51.810001373291016,50.119998931884766,52.400001525878906,50.2599983215332,49600,4.536415977191358,49.2274995803833,49.356166712443034,77015.0,108060.0,2492895.916748047
2025-02-18,51.2400016784668,49.2400016784668,51.79999923706055,49.59000015258789,56700,5.162326176077164,49.39549961090088,49.48216673533122,73930.0,107373.33333333333,2811753.0086517334
2025-02-19,48.959999084472656,47.939998626708984,49.5,49.41999816894531,44200,3.1566196501223143,49.465999603271484,49.61016667683919,66690.0,106081.66666666667,2184363.919067383
2025-02-20,48.86000061035156,45.9900016784668,48.86000061035156,47.2400016784668,147500,6.0753573876204685,49.44299964904785,49.70166670481364,69860.0,106175.0,6967900.247573853
2025-02-21,47.66999816894531,43.95000076293945,47.75,44.27000045776367,79800,8.583689174988788,49.22649974822998,49.721666717529295,65255.0,105288.33333333333,3532746.036529541
2025-02-24,46.88999938964844,43.47999954223633,46.88999938964844,44.47999954223633,90700,7.66636664232453,48.961499786376955,49.71516672770182,66680.0,104945.0,4034335.958480835
2025-02-25,44.279998779296875,43.630001068115234,45.0099983215332,43.959999084472656,79500,3.139211287894237,48.67049980163574,49.657833353678384,66755.0,100148.33333333333,3494819.927215576
2025-02-26,43.810001373291016,42.5099983215332,44.83000183105469,43.02000045776367,77900,5.3928486397837805,48.29049987792969,49.59900004069011,68105.0,100083.33333333333,3351258.03565979
2025-02-27,43.08000183105469,41.540000915527344,43.869998931884766,41.72999954223633,80400,5.583508367880889,47.90349979400635,49.507666714986165,68905.0,99410.0,3355091.963195801
2025-02-28,41.56999969482422,41.189998626708984,42.150001525878906,41.86000061035156,66300,2.293365707530646,47.49099979400635,49.43600006103516,68420.0,99760.0,2775318.0404663086
2025-03-03,41.900001525878906,38.849998474121094,42.41999816894531,39.02000045776367,316800,9.149153390422137,47.007499885559085,49.32200005849202,80695.0,103840.0,12361536.145019531
2025-03-04,38.31999969482422,36.400001525878906,38.7599983215332,38.0,151600,6.210517883300781,46.53349990844727,49.19150002797445,84835.0,104403.33333333333,5760800.0
2025-03-05,38.0,36.86000061035156,39.0,38.36000061035156,174400,5.578726161623032,46.07150001525879,49.06916669209798,89960.0,105965.0,6689984.1064453125
2025-03-06,44.18000030517578,41.119998931884766,46.7400016784668,44.470001220703125,334700,12.637739132702395,45.82150001525879,48.92700004577637,103195.0,103728.33333333333,14884109.408569336
2025-03-07,44.75,43.939998626708984,46.470001220703125,44.540000915527344,202100,5.680293089334316,45.5685001373291,48.775333404541016,110820.0,104390.0,9001534.185028076
2025-03-10,43.81999969482422,41.380001068115234,45.13999938964844,44.5,348200,8.449434430411692,45.33150005340576,48.559333419799806,125870.0,106843.33333333333,15494900.0
2025-03-11,44.209999084472656,42.7599983215332,45.130001068115234,44.369998931884766,120900,5.341453242359493,45.045000076293945,48.369666735331215,129150.0,107063.33333333333,5364332.870864868
2025-03-12,44.2400016784668,43.18000030517578,45.560001373291016,44.9900016784668,111000,5.290066635526166,44.76150016784668,48.19466673533122,131905.0,107493.33333333333,4993890.186309814
2025-03-13,47.77000045776367,44.5099983215332,47.88999938964844,45.2599983215332,98900,7.467965518034812,44.52450008392334,48.027333386739095,133420.0,107165.0,4476213.833999634
2025-03-14,45.439998626708984,45.18000030517578,47.029998779296875,46.22999954223633,88200,4.0017272170442295,44.27849998474121,47.87616672515869,135970.0,106575.0,4077485.959625244
2025-03-17,45.779998779296875,45.650001525878906,47.970001220703125,47.40999984741211,83000,4.89348175973651,44.136000061035155,47.732666714986166,137640.0,106260.0,3935029.987335205
2025-03-18,46.7599983215332,45.470001220703125,46.7599983215332,45.70000076293945,69100,2.8227507205562348,43.94150009155273,47.5716667175293,138260.0,105425.0,3157870.052719116
2025-03-19,45.59000015258789,45.59000015258789,48.380001068115234,47.790000915527344,64400,5.838043235150579,43.86000022888184,47.48983338673909,139270.0,103008.33333333333,3077676.058959961
2025-03-20,47.4900016784668,46.849998474121094,48.38999938964844,48.08000183105469,52100,3.202996790513147,43.90200023651123,47.39800008138021,134500.0,101925.0,2504968.095397949
2025-03-21,47.31999969482422,46.630001068115234,48.08000183105469,47.59000015258789,122000,3.0468601771177,44.06800022125244,47.30550009409587,136610.0,96498.33333333333,5805980.018615723
2025-03-24,48.220001220703125,47.41999816894531,50.04999923706055,49.7599983215332,52300,5.285372099735632,44.332000160217284,47.246666717529294,134690.0,95880.0,2602447.9122161865
2025-03-25,49.099998474121094,48.150001525878906,50.4900016784668,48.439998626708984,52900,4.830718866489923,44.5560001373291,47.16850001017253,133360.0,96261.66666666667,2562475.9273529053
2025-03-26,48.27000045776367,46.83000183105469,48.36000061035156,47.88999938964844,50200,3.1948189576038892,44.79950008392334,47.07199999491374,131975.0,96281.66666666667,2404077.9693603516
2025-03-27,47.529998779296875,47.20000076293945,48.279998779296875,47.369998931884766,64700,2.279919866391373,45.08150005340576,46.9896666208903,131190.0,96030.0,3064838.9308929443
2025-03-28,47.08000183105469,44.79999923706055,47.08000183105469,45.599998474121094,71500,5.000005855895121,45.26849994659424,46.89716657002767,131450.0,96238.33333333333,3260399.890899658
2025-03-31,44.459999084472656,43.40999984741211,46.040000915527344,45.38999938964844,78000,5.794230234590017,45.58699989318848,46.799499893188475,119510.0,96306.66666666667,3540419.952392578
2025-04-01,44.75,44.27000045776367,45.66999816894531,45.439998626708984,58000,3.0809809715943564,45.95899982452393,46.72666651407878,114830.0,95960.0,2635519.920349121
2025-04-02,44.939998626708984,44.5099983215332,47.810001373291016,47.619998931884766,63400,6.929867966771919,46.42199974060058,46.69999980926514,109280.0,95780.0,3019107.932281494
2025-04-03,44.209999084472656,41.58000183105469,45.599998474121094,44.619998931884766,137200,9.00940551164778,46.42949962615967,46.63633314768473,99405.0,96630.0,6121863.85345459
2025-04-04,42.47999954223633,40.33000183105469,44.58000183105469,43.650001525878906,103400,9.73654032401417,46.384999656677245,46.56233317057292,94470.0,96296.66666666667,4513410.157775879
2025-04-07,41.790000915527344,41.20000076293945,45.81999969482422,43.66999816894531,109400,10.579343085867468,46.34349956512451,46.5098331451416,82530.0,96663.33333333333,4777497.799682617
2025-04-08,45.33000183105469,43.02000045776367,47.93000030517578,43.5,135100,11.28735597106232,46.29999961853027,46.49083315531413,83240.0,97515.0,5876850.0
2025-04-09,42.45000076293945,42.45000076293945,48.90999984741211,47.5,126100,13.599998072574012,46.425499534606935,46.546999804178874,83995.0,98135.0,5989750.0
2025-04-10,45.91999816894531,44.220001220703125,46.810001373291016,46.599998474121094,153200,5.557940423595131,46.49249954223633,46.582499758402506,86710.0,99531.66666666667,7139119.766235352
2025-04-11,46.11000061035156,44.349998474121094,46.2400016784668,45.619998931884766,121100,4.142926893022658,46.46199951171875,46.5766663869222,88355.0,100618.33333333333,5524581.870651245
2025-04-14,46.52000045776367,44.45000076293945,47.38999938964844,46.43000030517578,90500,6.332109858679558,46.41299953460693,46.592166392008465,88730.0,101128.33333333333,4201915.027618408
2025-04-15,46.56999969482422,45.70000076293945,46.90999984741211,46.63999938964844,72400,2.594337693626151,46.45999946594238,46.598999722798666,88895.0,100361.66666666667,3376735.955810547
2025-04-16,46.52000045776367,45.810001373291016,47.02000045776367,46.939998626708984,57000,2.5777569660689412,46.41749935150146,46.581166394551595,88525.0,98161.66666666667,2675579.921722412
2025-04-17,46.84000015258789,46.29999923706055,48.150001525878906,48.04999923706055,57200,3.850160911951625,46.415999221801755,46.58699970245361,88780.0,97713.33333333333,2748459.9563598633
2025-04-21,47.77000045776367,46.36000061035156,47.83000183105469,46.41999816894531,45900,3.16674122940088,46.35749912261963,46.550666364034015,84975.0,95613.33333333333,2130677.91595459
2025-04-22,47.33000183105469,46.47999954223633,48.290000915527344,48.02000045776367,62900,3.7692656310634876,46.27049922943115,46.52133305867513,85505.0,95625.0,3020458.028793335
2025-04-23,49.650001525878906,48.34000015258789,51.54999923706055,48.41999816894531,74400,6.629490305374327,46.26949920654297,46.49866638183594,86580.0,95565.0,3602447.8637695312
2025-04-24,48.189998626708984,48.189998626708984,49.77000045776367,49.619998931884766,46600,3.184203678084748,46.35599918365479,46.48199971516927,86400.0,95493.33333333333,2312291.95022583
2025-04-25,49.52000045776367,48.540000915527344,49.84000015258789,49.130001068115234,48500,2.6460395049822836,46.44399929046631,46.47633304595947,85590.0,95228.33333333333,2382805.051803589
2025-04-28,48.939998626708984,48.290000915527344,50.060001373291016,49.25,37300,3.593909558911009,46.62649936676026,46.46199970245361,83880.0,94583.33333333333,1837025.0
2025-04-29,49.25,47.79999923706055,49.25,48.630001068115234,41400,2.981700043371295,46.788499450683595,46.46099974314372,82050.0,94085.0,2013282.0442199707
2025-04-30,47.93000030517578,46.400001525878906,47.93000030517578,47.41999816894531,58500,3.2264842648156185,46.88749942779541,46.45999972025553,82075.0,93913.33333333333,2774069.892883301
2025-05-01,47.4900016784668,46.81999969482422,48.09000015258789,47.84000015258789,41800,2.6546832226441195,46.898499488830566,46.46399974822998,80995.0,93411.66666666667,1999712.0063781738
2025-05-02,48.38999938964844,48.20000076293945,49.5099983215332,48.20000076293945,37600,2.7178372154736468,47.077499580383304,46.44283307393392,76015.0,92871.66666666667,1812320.0286865234
2025-05-05,48.040000915527344,47.869998931884766,48.81999969482422,48.04999923706055,53900,1.9771087992166414,47.29749946594238,46.41699975331624,73540.0,92943.33333333333,2589894.9588775635
2025-05-06,47.959999084472656,47.22999954223633,48.060001373291016,47.380001068115234,30400,1.7517978310330689,47.482999610900876,46.38599974314372,69590.0,92663.33333333333,1440352.0324707031
2025-05-07,47.630001068115234,46.439998626708984,48.25,46.709999084472656,37600,3.874976255121992,47.643499565124515,46.32949975331624,64715.0,92368.33333333333,1756295.9655761719
2025-05-08,46.970001220703125,46.970001220703125,50.25,49.61000061035156,52600,6.611567705992881,47.74899959564209,46.3119997660319,61040.0,92313.33333333333,2609486.032104492
2025-05-09,49.27000045776367,48.56999969482422,50.02000045776367,49.290000915527344,42600,2.9417746723609284,47.883499717712404,46.30016644795736,55510.0,91880.0,2099754.039001465
2025-05-12,52.95000076293945,52.5099983215332,55.689998626708984,52.88999938964844,86200,6.012479375823489,48.246999740600586,46.329166412353516,53765.0,92696.66666666667,4559117.947387695
2025-05-13,53.04999923706055,52.40999984741211,53.939998626708984,52.75,40300,2.900471619520142,48.5629997253418,46.37066644032796,51255.0,92541.66666666667,2125825.0
2025-05-14,52.22999954223633,49.119998931884766,53.2599983215332,52.25,46900,7.923443807939594,48.843499755859376,46.41499977111816,49980.0,92378.33333333333,2450525.0
2025-05-15,52.060001373291016,51.349998474121094,52.060001373291016,51.599998474121094,28000,1.3759746514837767,49.07649974822998,46.451333109537764,48530.0,92108.33333333333,1444799.9572753906
2025-05-16,51.540000915527344,50.63999938964844,51.86000061035156,51.7400016784668,47500,2.3579458467835077,49.260999870300296,46.52633310953776,48045.0,90441.66666666667,2457650.079727173
2025-05-19,50.869998931884766,50.18000030517578,51.310001373291016,51.02000045776367,29000,2.2148197921924617,49.49099998474121,46.638833109537764,47200.0,89595.0,1479580.0132751465
2025-05-20,50.650001525878906,49.45000076293945,51.11000061035156,50.97999954223633,73800,3.256178623612617,49.638999938964844,46.74716644287109,47745.0,89313.33333333333,3762323.966217041
2025-05-21,50.29999923706055,46.20000076293945,50.29999923706055,48.09000015258789,79900,8.525677814747228,49.622500038146974,46.815999794006345,48020.0,89320.0,3842391.0121917725
2025-05-22,47.560001373291016,46.0,47.88999938964844,47.68000030517578,50800,3.9639248690257944,49.52550010681152,46.893666458129886,48230.0,88868.33333333333,2422144.0155029297
2025-05-23,46.97999954223633,46.20000076293945,46.97999954223633,46.630001068115234,52300,1.6727402132320008,49.40050010681152,46.97533315022786,48420.0,88400.0,2438749.0558624268
2025-05-27,47.630001068115234,47.150001525878906,48.529998779296875,47.15999984741211,44900,2.9262028369020356,49.29600009918213,47.06366647084554,48800.0,88043.33333333333,2117483.9931488037
2025-05-28,47.36000061035156,46.290000915527344,48.68000030517578,46.900001525878906,48800,5.095947360107573,49.20950012207031,47.194999821980794,49170.0,83576.66666666667,2288720.0744628906
2025-05-29,47.04999923706055,46.779998779296875,47.95000076293945,47.72999954223633,43200,2.451292677275729,49.22500019073486,47.35716648101807,48405.0,81770.0,2061935.9802246094
2025-05-30,47.72999954223633,47.72999954223633,50.400001525878906,49.7599983215332,99300,5.365759794423382,49.32100009918213,47.547166442871095,51280.0,80518.33333333333,4941167.833328247
2025-06-02,50.0099983215332,47.2599983215332,50.45000076293945,49.720001220703125,91100,6.41593395632893,49.39700012207031,47.634666442871094,53955.0,76458.33333333333,4529492.111206055
2025-06-03,49.75,49.75,53.029998779296875,52.790000915527344,71000,6.213295552969227,49.63400020599365,47.7721664428711,54810.0,74273.33333333333,3748090.0650024414
2025-06-04,52.470001220703125,51.77000045776367,52.93000030517578,52.09000015258789,59100,2.226914655431191,49.869500160217285,47.89866644541423,56245.0,69455.0,3078519.0090179443
2025-06-05,52.150001525878906,51.119998931884766,52.18000030517578,51.95000076293945,65400,2.0404260976396533,50.131500244140625,48.02499980926514,57635.0,68530.0,3397530.0498962402
2025-06-06,52.90999984741211,51.439998626708984,54.95000076293945,54.529998779296875,97800,6.436827828360585,50.37750015258789,48.18399976094564,59895.0,68310.0,5333033.880615234
2025-06-09,54.95000076293945,54.709999084472656,56.29999923706055,54.75,112800,2.9041098677404396,50.65050010681152,48.34216645558675,63405.0,68541.66666666667,6175800.0
2025-06-10,55.09000015258789,54.79999923706055,56.689998626708984,55.790000915527344,227400,3.3877027399768647,50.79550018310547,48.501499811808266,70465.0,70861.66666666667,12686646.208190918
2025-06-11,56.08000183105469,55.810001373291016,59.2599983215332,57.7400016784668,350000,5.975055157521425,51.04500026702881,48.67366650899251,85950.0,75311.66666666667,20209000.58746338
2025-06-12,57.7599983215332,49.349998474121094,58.59000015258789,50.0,242700,18.480003356933594,50.93250026702881,48.745333162943524,95740.0,78205.0,12135000.0
2025-06-13,49.619998931884766,48.7400016784668,51.689998626708984,49.16999816894531,336400,5.999587264791359,50.81100025177002,48.76833311716715,111160.0,82738.33333333333,16540787.384033203
2025-06-16,49.970001220703125,49.650001525878906,50.66999816894531,49.880001068115234,168700,2.0449010048606797,50.71800022125244,48.798333104451494,117220.0,84681.66666666667,8414756.18019104
2025-06-17,49.29999923706055,48.41999816894531,49.95000076293945,49.029998779296875,130900,3.120543814168298,50.6185001373291,48.822333081563315,122315.0,84830.0,6418026.840209961
2025-06-18,48.77000045776367,48.310001373291016,50.0,48.880001068115234,115900,3.457443923444147,50.51350021362305,48.80766646067301,124420.0,85890.0,5665192.123794556
2025-06-20,51.0,50.040000915527344,52.95000076293945,51.29999923706055,347500,5.672514406803041,50.67400016784668,48.855333137512204,137800.0,90800.0,17826749.73487854
2025-06-23,51.150001525878906,50.470001220703125,51.810001373291016,51.689998626708984,95500,2.5923779999783028,50.87450008392334,48.918666458129884,140035.0,91555.0,4936394.868850708
2025-06-24,51.93000030517578,51.93000030517578,55.810001373291016,55.5,109700,6.990992915522945,51.31800003051758,49.0541664759318,142905.0,92305.0,6088350.0
2025-06-25,55.38999938964844,53.4900016784668,55.810001373291016,53.5099983215332,68000,4.335637764149615,51.63549995422363,49.185999806722,144060.0,92246.66666666667,3638679.885864258
2025-06-26,53.52000045776367,52.90999984741211,54.77000045776367,53.91999816894531,58900,3.449556145242622,51.98649978637695,49.32816645304362,144565.0,91928.33333333333,3175887.892150879
2025-06-27,54.380001068115234,54.2400016784668,55.90999984741211,55.689998626708984,104500,2.9987398278447426,52.38449974060059,49.498999786376956,147630.0,92703.33333333333,5819604.856491089
2025-06-30,56.130001068115234,55.290000915527344,57.599998474121094,56.040000915527344,85000,4.122051250633911,52.698499870300296,49.639333152770995,146915.0,93063.33333333333,4763400.077819824
2025-07-01,56.0099983215332,55.189998626708984,59.83000183105469,59.380001068115234,86500,7.8140840701958245,53.1814998626709,49.88533318837484,146685.0,92218.33333333333,5136370.092391968
2025-07-02,59.25,58.84000015258789,61.36000061035156,61.36000061035156,60900,4.106910744291197,53.60999984741211,50.18049983978271,146180.0,91510.0,3736824.03717041
2025-07-03,61.63999938964844,61.63999938964844,62.54999923706055,62.04999923706055,43300,1.4665589985512757,54.10799980163574,50.48683319091797,145390.0,90408.33333333333,2686764.9669647217
2025-07-07,61.22999954223633,59.630001068115234,62.5,60.77000045776367,119800,4.722723235586399,54.54899978637695,50.7746665318807,148110.0,90153.33333333333,7280246.054840088
2025-07-08,61.650001525878906,60.43000030517578,62.720001220703125,60.4900016784668,84500,3.7857511191680744,54.846999931335446,50.991166559855145,147445.0,89460.0,5111405.141830444
2025-07-09,60.66999816894531,60.20000076293945,61.13999938964844,60.45000076293945,49300,1.5550018442436093,55.13199996948242,51.221999931335446,144270.0,87728.33333333333,2980185.037612915
2025-07-10,60.130001068115234,60.130001068115234,62.529998779296875,61.18000030517578,69300,3.922846844083135,55.40149993896485,51.481333287556964,136365.0,86865.0,4239774.021148682
2025-07-11,60.900001525878906,58.66999816894531,60.900001525878906,59.439998626708984,82200,3.7516881030538176,55.48649978637695,51.698166592915854,122975.0,86726.66666666667,4885967.8871154785
2025-07-14,59.09000015258789,58.70000076293945,60.40999984741211,60.380001068115234,63300,2.832062030842945,56.005499839782715,51.9271666208903,114005.0,86575.0,3822054.0676116943
2025-07-15,60.66999816894531,57.2599983215332,60.66999816894531,57.2599983215332,64800,5.955291560198569,56.40999984741211,52.09916661580404,100425.0,86705.0,3710447.8912353516
2025-07-16,57.31999969482422,56.0,57.75,56.95000076293945,69900,3.0728708982543558,56.76349983215332,52.24749997456868,95485.0,86916.66666666667,3980805.053329468
2025-07-17,57.08000183105469,54.72999954223633,57.65999984741211,55.939998626708984,129400,5.237755411343235,57.10899982452393,52.40616664886475,95410.0,88308.33333333333,7238635.822296143
2025-07-18,56.65999984741211,53.97999954223633,56.65999984741211,54.84000015258789,75900,4.8869443795019984,57.40699977874756,52.51983331044515,93410.0,88525.0,4162356.011581421
2025-07-21,54.869998931884766,54.04999923706055,55.630001068115234,54.119998931884766,58400,2.9194417262337202,57.54799976348877,52.61483332316081,78955.0,88258.33333333333,3160607.9376220703
2025-07-22,54.52000045776367,54.52000045776367,55.9900016784668,55.529998779296875,67600,2.6472199766213254,57.739999771118164,52.71333332061768,77560.0,88608.33333333333,3753827.9174804688
2025-07-23,55.90999984741211,55.099998474121094,56.47999954223633,55.95000076293945,47400,2.4664898110766944,57.76249980926514,52.82699998219808,74445.0,88590.0,2652030.03616333
2025-07-24,55.560001373291016,51.880001068115234,56.04999923706055,51.970001220703125,52200,8.023856207423224,57.68549995422363,52.87233333587646,73655.0,88838.33333333333,2712834.063720703
2025-07-25,52.290000915527344,51.189998626708984,52.63999938964844,52.040000915527344,101100,2.7863196338007974,57.59150009155273,52.92916666666667,75765.0,89833.33333333333,5261244.092559814
2025-07-28,52.16999816894531,50.400001525878906,52.220001220703125,50.63999938964844,68600,3.593996281122099,57.339000129699706,52.98283335367839,73970.0,90001.66666666667,3473903.958129883
